Wall Clock,Time,Iteration,Deflection,Total Weight,Bar Number
240.745,0.061,0,0.000341826,721.585,66850
471.286,0.121,1,0.000673161,647.311,66850
677.293,0.181,2,0.000995557,582.766,66850
