Wall Clock,Time,Iteration,Deflection,Total Weight,Bar Number
741.29,0.102051,0,8.15479e-08,1180.04,136200
1547.49,0.202101,1,0.00042118,1096.23,136200
