Wall Clock,Time,Iteration,Deflection,Total Weight,Bar Number
15.5558,0.028014,0,0.00155364,107.014,10107
31.5976,0.054027,1,0.00155473,101.604,10107
47.5569,0.08004,2,0.00155676,96.3886,10107
63.496,0.106053,3,0.00155985,91.4651,10107
79.2826,0.132066,4,0.00156382,86.8947,10107
95.1457,0.158079,5,0.00156904,82.4393,10107
110.766,0.184092,6,0.00157546,78.221,10107
126.324,0.210105,7,0.00158474,74.1798,10107
141.915,0.236118,8,0.00159464,70.3624,10107
157.401,0.262131,9,0.00160734,66.7205,10107
