Wall Clock,Time,Iteration,Deflection,Total Weight,Bar Number
36.79,0.018009,0,0.00321797,439.633,40709
78.5578,0.034017,1,0.00313963,408.228,40709
118.585,0.050025,2,0.00306384,379.433,40709
157.27,0.066033,3,0.00305292,352.807,40709
194.908,0.082041,4,0.00321703,327.556,40709
231.143,0.098049,5,nan,304.27,40709
266.475,0.114057,6,nan,282.568,40709
300.801,0.130065,7,nan,262.471,40709
334.462,0.146073,8,nan,243.857,40709
367.511,0.162081,9,nan,226.16,40709
