Wall Clock,Time,Iteration,Deflection,Total Weight,Bar Number
9.59753,0.028014,0,0.00149809,106.237,10017
19.056,0.054027,1,0.00149906,100.811,10017
28.1243,0.08004,2,0.00150092,95.7388,10017
