Wall Clock,Time,Iteration,Deflection,Total Weight,Bar Number
7.07413,0.012006,0,0.00147621,108.049,10204
14.97,0.022011,1,0.00147789,100.54,10204
22.7214,0.032016,2,0.00148125,93.4192,10204
